<?xml version="1.0" encoding="UTF-8"?>
<beans xmlns="http://www.springframework.org/schema/beans"
	xmlns:xsi="http://www.w3.org/2001/XMLSchema-instance"
	xsi:schemaLocation="http://www.springframework.org/schema/beans http://www.springframework.org/schema/beans/spring-beans.xsd">
	<bean id="dataSource" class="org.apache.commons.dbcp2.BasicDataSource"
	destroy-method="close">
		<property name="driverClassName" value="org.mariadb.jdbc.Driver"></property>
		<property name="url" value="jdbc:mariadb://localhost:3307/javadb"></property>
		<property name="username" value="lee"></property>
		<property name="password" value="1234"></property>
	</bean>

</beans>
